variant	case_count	rank	proportion	cumulative_proportion
E200K	571	1	0.485544217687075	0.485544217687075
P102L	221	2	0.187925170068027	0.673469387755102
D178N	209	3	0.177721088435374	0.851190476190476
6-OPRI	52	4	0.0442176870748299	0.895408163265306
5-OPRI	28	5	0.0238095238095238	0.91921768707483
A117V	25	6	0.0212585034013605	0.94047619047619
P105L	13	7	0.0110544217687075	0.951530612244898
E196K	13	8	0.0110544217687075	0.962585034013605
8-OPRI	10	9	0.00850340136054422	0.97108843537415
H187R	7	10	0.00595238095238095	0.977040816326531
P105T	5	11	0.00425170068027211	0.981292517006803
F198S	5	12	0.00425170068027211	0.985544217687075
9-OPRI	4	13	0.00340136054421769	0.988945578231292
7-OPRI	3	14	0.00255102040816327	0.991496598639456
T183A	3	15	0.00255102040816327	0.994047619047619
Y163X	2	16	0.00170068027210884	0.995748299319728
G114V	1	17	0.000850340136054422	0.996598639455782
S132I	1	18	0.000850340136054422	0.997448979591837
Q160X	1	19	0.000850340136054422	0.998299319727891
E211D	1	20	0.000850340136054422	0.999149659863946
Y218N	1	21	0.000850340136054422	1
